id,name,read,pattern,sequence,feature_type
TotalseqA01,A0301,R2,5P(BC),ACCCACCAGTAAGAC,Antibody Capture
TotalseqA04,A0304,R2,5P(BC),AAAGCATTCTTCACG,Antibody Capture
TotalseqA12,A0312,R2,5P(BC),CTGCAAATATAACGG,Antibody Capture
TotalseqA14,A0314,R2,5P(BC),CTTTCGCCAACTCTG,Antibody Capture
TotalseqA15,A0315,R2,5P(BC),CCCTCTCTGGATTCT,Antibody Capture
TotalseqA11,A0311,R2,5P(BC),GCTTACCGAATTAAC,Antibody Capture
TotalseqA05,A0305,R2,5P(BC),CTTTGTCTTTGTGAG,Antibody Capture
aCD80,A0849,R2,5P(BC),GACCCGGTGTCATTT,Antibody Capture
aCD86,A0200,R2,5P(BC),CTGGATTTGTGTATC,Antibody Capture
aCD103,A0201,R2,5P(BC),TTCATTAGCCCGCTG,Antibody Capture
aXCR1,A0568,R2,5P(BC),TCCATTACCCACGTT,Antibody Capture
aSIRPA,A0422,R2,5P(BC),GATTCCCTTGTAGCA,Antibody Capture
aCD40,A0903,R2,5P(BC),ATTTGTATGCTGGAG,Antibody Capture
aCD11b,A0014,R2,5P(BC),TGAAGGCTCATTTGT,Antibody Capture
aCD11c,A0106,R2,5P(BC),GTTATGGACGCTTGC,Antibody Capture
aPDL1,A0190,R2,5P(BC),TCGATTCCACCAACT,Antibody Capture